<?xml version="1.0" encoding="UTF-8"?>
<!DOCTYPE plist PUBLIC "-//Apple//DTD PLIST 1.0//EN" "http://www.apple.com/DTDs/PropertyList-1.0.dtd">
<plist version="1.0">
<dict>
	<key>Categories</key>
	<array>
		<dict>
			<key>Category ID</key>
			<string>Project Type</string>
			<key>Category Name</key>
			<string>Tipo di progetto</string>
		</dict>
		<dict>
			<key>Category ID</key>
			<string>Music</string>
			<key>Category Name</key>
			<string>Musica</string>
			<key>Category Parent ID</key>
			<string>Project Type</string>
		</dict>
		<dict>
			<key>Category ID</key>
			<string>Photos</string>
			<key>Category Name</key>
			<string>Foto</string>
			<key>Category Parent ID</key>
			<string>Project Type</string>
		</dict>
		<dict>
			<key>Category ID</key>
			<string>Files &amp; Data</string>
			<key>Category Name</key>
			<string>File e Dati</string>
			<key>Category Parent ID</key>
			<string>Project Type</string>
		</dict>
		<dict>
			<key>Category ID</key>
			<string>Video</string>
			<key>Category Name</key>
			<string>Video</string>
			<key>Category Parent ID</key>
			<string>Project Type</string>
		</dict>
		<dict>
			<key>Category ID</key>
			<string>General</string>
			<key>Category Name</key>
			<string>Generale</string>
			<key>Category Parent ID</key>
			<string>Project Type</string>
		</dict>
		<dict>
			<key>Category ID</key>
			<string>Blank</string>
			<key>Category Name</key>
			<string>Vuoto</string>
			<key>Category Parent ID</key>
			<string>Project Type</string>
		</dict>

		<dict>
			<key>Category ID</key>
			<string>Themes</string>
			<key>Category Name</key>
			<string>Temi</string>
		</dict>
		<dict>
			<key>Category ID</key>
			<string>Wedding</string>
			<key>Category Name</key>
			<string>Nozze</string>
			<key>Category Parent ID</key>
			<string>Themes</string>
		</dict>
		<dict>
			<key>Category ID</key>
			<string>Kids</string>
			<key>Category Name</key>
			<string>Bambini</string>
			<key>Category Parent ID</key>
			<string>Themes</string>
		</dict>
		<dict>
			<key>Category ID</key>
			<string>Travel</string>
			<key>Category Name</key>
			<string>Viaggi</string>
			<key>Category Parent ID</key>
			<string>Themes</string>
		</dict>
		<dict>
			<key>Category ID</key>
			<string>Business</string>
			<key>Category Name</key>
			<string>Ufficio</string>
			<key>Category Parent ID</key>
			<string>Themes</string>
		</dict>
		<dict>
			<key>Category ID</key>
			<string>Holiday</string>
			<key>Category Name</key>
			<string>Vacanze</string>
			<key>Category Parent ID</key>
			<string>Themes</string>
		</dict>
		<dict>
			<key>Category ID</key>
			<string>Photography</string>
			<key>Category Name</key>
			<string>Galleria fotografica</string>
			<key>Category Parent ID</key>
			<string>Themes</string>
		</dict>
	</array>
</dict>
</plist>
